participant_id,created_at
1,1743069549.111916
2,1743080542.6091409
