session_id,participant_id,started_at,data_file
1,1,1743069554.643719,session_1_participant_1_20250327_105914.csv
2,1,1743070492.481003,session_2_participant_1_20250327_111452.csv
3,1,1743071228.488214,session_3_participant_1_20250327_112708.csv
4,1,1743071901.686825,session_4_participant_1_20250327_113821.csv
5,1,1743076917.0576699,session_5_participant_1_20250327_130157.csv
6,1,1743078255.390662,session_6_participant_1_20250327_132415.csv
7,2,1743080590.782534,session_7_participant_2_20250327_140310.csv
8,2,1743083014.419641,session_8_participant_2_20250327_144334.csv
9,2,1743083634.9646442,session_9_participant_2_20250327_145354.csv
10,2,1743086841.10792,session_10_participant_2_20250327_154721.csv
